<?xml version="1.0" encoding="UTF-8"?>
<!--
 This is a WordPress eXtended RSS file generated by WordPress as an export of your site.
 It contains information about your site's posts, pages, comments, categories, and other content.
 You may use this file to transfer that content from one site to another.
 This file is not intended to serve as a complete backup of your site.

 To import this information into a WordPress site follow these steps:
 1. Log in to that site as an administrator.
 2. Go to Tools: Import in the WordPress admin panel.
 3. Install the "WordPress" importer from the list.
 4. Activate & Run Importer.
 5. Upload this file using the form provided on that page.
 6. You will first be asked to map the authors in this export file to users
    on the site. For each author, you may choose to map to an
    existing user on the site or to create a new user.
 7. WordPress will then import each of the posts, pages, comments, categories, etc.
    contained in this file into your site.
-->
<!-- generator="WordPress.com" created="2023-05-10 16:45"-->
<rss version="2.0" xmlns:excerpt="http://wordpress.org/export/1.2/excerpt/" xmlns:content="http://purl.org/rss/1.0/modules/content/" xmlns:wfw="http://wellformedweb.org/CommentAPI/" xmlns:dc="http://purl.org/dc/elements/1.1/" xmlns:wp="http://wordpress.org/export/1.2/">
  <channel>
<title>Título do site</title>
<link>https://carros966.wordpress.com</link>
<description/>
<pubDate>Wed, 10 May 2023 16:45:14 +0000</pubDate>
<language>pt-BR</language>
<wp:wxr_version>1.2</wp:wxr_version>
<wp:base_site_url>http://wordpress.com/</wp:base_site_url>
<wp:base_blog_url>https://carros966.wordpress.com</wp:base_blog_url>
<wp:author>
  <wp:author_id>235138926</wp:author_id>
  <wp:author_login>gustavoninog</wp:author_login>
  <wp:author_email>gustavoninoprf@gmail.com</wp:author_email>
  <wp:author_display_name><![CDATA[gustavoninog]]></wp:author_display_name>
  <wp:author_first_name><![CDATA[]]></wp:author_first_name>
  <wp:author_last_name><![CDATA[]]></wp:author_last_name>
</wp:author>
<wp:category>
  <wp:term_id>5078</wp:term_id>
  <wp:category_nicename>sem-categoria</wp:category_nicename>
  <wp:category_parent/>
  <wp:cat_name><![CDATA[Sem categoria]]></wp:cat_name>
</wp:category>
<generator>http://wordpress.com/</generator>
<image>
		<url>http://s0.wp.com/i/buttonw-com.png</url>
		<title>Título do site</title>
		<link>https://carros966.wordpress.com</link>
	</image>
	<item>
  <title><![CDATA[Início]]></title>
  <link>https://carros966.wordpress.com/home/</link>
  <pubDate>Wed, 10 May 2023 16:32:31 +0000</pubDate>
  <dc:creator>gustavoninog</dc:creator>
  <guid isPermaLink="false">https://carros966.wordpress.com/home/</guid>
  <description/>
  <content:encoded><![CDATA[<!-- wp:query {"queryId":8,"query":{"perPage":"10","pages":0,"offset":0,"postType":"post","categoryIds":[],"tagIds":[],"order":"desc","orderBy":"date","author":"","search":"","exclude":[],"sticky":"","inherit":false}} -->
<div class="wp-block-query"><!-- wp:post-template -->
<!-- wp:post-title {"isLink":true,"style":{"typography":{"fontSize":"64px","lineHeight":"1.2"}}} /-->

<!-- wp:post-featured-image {"isLink":true,"align":"wide"} /-->

<!-- wp:post-content /-->

<!-- wp:group {"layout":{"type":"flex"}} -->
<div class="wp-block-group"><!-- wp:post-date {"isLink":true,"style":{"typography":{"fontSize":"16px"}}} /-->

<!-- wp:post-terms {"term":"category","style":{"typography":{"fontSize":"16px"}}} /-->

<!-- wp:post-terms {"term":"post_tag","style":{"typography":{"fontSize":"16px"}}} /--></div>
<!-- /wp:group -->

<!-- wp:spacer {"height":120} -->
<div style="height:120px" aria-hidden="true" class="wp-block-spacer"></div>
<!-- /wp:spacer -->
<!-- /wp:post-template -->

<!-- wp:query-pagination -->
<div class="wp-block-query-pagination"><!-- wp:query-pagination-previous /-->

<!-- wp:query-pagination-next /--></div>
<!-- /wp:query-pagination --></div>
<!-- /wp:query -->]]></content:encoded>
  <excerpt:encoded><![CDATA[]]></excerpt:encoded>
  <wp:post_id>2</wp:post_id>
  <wp:post_date>2023-05-10 13:32:31</wp:post_date>
  <wp:post_date_gmt>2023-05-10 16:32:31</wp:post_date_gmt>
  <wp:post_modified>2023-05-10 13:32:31</wp:post_modified>
  <wp:post_modified_gmt>2023-05-10 16:32:31</wp:post_modified_gmt>
  <wp:comment_status>closed</wp:comment_status>
  <wp:ping_status>closed</wp:ping_status>
  <wp:post_name>home</wp:post_name>
  <wp:status>publish</wp:status>
  <wp:post_parent>0</wp:post_parent>
  <wp:menu_order>0</wp:menu_order>
  <wp:post_type>page</wp:post_type>
  <wp:post_password/>
  <wp:is_sticky>0</wp:is_sticky>
  <wp:postmeta>
    <wp:meta_key>_headstart_post</wp:meta_key>
    <wp:meta_value><![CDATA[_hs_front_page]]></wp:meta_value>
  </wp:postmeta>
  <wp:postmeta>
    <wp:meta_key>sharing_disabled</wp:meta_key>
    <wp:meta_value><![CDATA[a:1:{i:0;N;}]]></wp:meta_value>
  </wp:postmeta>
  <wp:postmeta>
    <wp:meta_key>switch_like_status</wp:meta_key>
    <wp:meta_value><![CDATA[a:1:{i:0;N;}]]></wp:meta_value>
  </wp:postmeta>
  <wp:postmeta>
    <wp:meta_key>_starter_page_template</wp:meta_key>
    <wp:meta_value><![CDATA[blank]]></wp:meta_value>
  </wp:postmeta>
  <wp:postmeta>
    <wp:meta_key>_hs_old_id</wp:meta_key>
    <wp:meta_value><![CDATA[29]]></wp:meta_value>
  </wp:postmeta>
  <wp:postmeta>
    <wp:meta_key>_wpas_skip_all_services</wp:meta_key>
    <wp:meta_value><![CDATA[1]]></wp:meta_value>
  </wp:postmeta>
  <wp:postmeta>
    <wp:meta_key>_checklist_post_type</wp:meta_key>
    <wp:meta_value><![CDATA[_hs_front_page]]></wp:meta_value>
  </wp:postmeta>
</item>
<item>
  <title><![CDATA[Olá, mundo!]]></title>
  <link>https://carros966.wordpress.com/2023/05/10/hello-world/</link>
  <pubDate>Wed, 10 May 2023 16:32:30 +0000</pubDate>
  <dc:creator>gustavoninog</dc:creator>
  <guid isPermaLink="false">https://carros966.wordpress.com/2023/05/10/hello-world/</guid>
  <description/>
  <content:encoded><![CDATA[<!-- wp:paragraph --> <p>Desejamos boas-vindas ao WordPress! Este é o seu primeiro post. Edite ou exclua-o para dar o primeiro passo na jornada do seu blog.</p> <!-- /wp:paragraph -->]]></content:encoded>
  <excerpt:encoded><![CDATA[]]></excerpt:encoded>
  <wp:post_id>3</wp:post_id>
  <wp:post_date>2023-05-10 13:32:30</wp:post_date>
  <wp:post_date_gmt>2023-05-10 16:32:30</wp:post_date_gmt>
  <wp:post_modified>2023-05-10 13:32:30</wp:post_modified>
  <wp:post_modified_gmt>2023-05-10 16:32:30</wp:post_modified_gmt>
  <wp:comment_status>open</wp:comment_status>
  <wp:ping_status>open</wp:ping_status>
  <wp:post_name>hello-world</wp:post_name>
  <wp:status>publish</wp:status>
  <wp:post_parent>0</wp:post_parent>
  <wp:menu_order>0</wp:menu_order>
  <wp:post_type>post</wp:post_type>
  <wp:post_password/>
  <wp:is_sticky>0</wp:is_sticky>
  <category domain="category" nicename="sem-categoria"><![CDATA[Sem categoria]]></category>
  <wp:postmeta>
    <wp:meta_key>_headstart_post</wp:meta_key>
    <wp:meta_value><![CDATA[_hs_extra]]></wp:meta_value>
  </wp:postmeta>
  <wp:postmeta>
    <wp:meta_key>sharing_disabled</wp:meta_key>
    <wp:meta_value><![CDATA[a:1:{i:0;N;}]]></wp:meta_value>
  </wp:postmeta>
  <wp:postmeta>
    <wp:meta_key>switch_like_status</wp:meta_key>
    <wp:meta_value><![CDATA[a:1:{i:0;N;}]]></wp:meta_value>
  </wp:postmeta>
  <wp:postmeta>
    <wp:meta_key>_starter_page_template</wp:meta_key>
    <wp:meta_value><![CDATA[]]></wp:meta_value>
  </wp:postmeta>
  <wp:postmeta>
    <wp:meta_key>_hs_old_id</wp:meta_key>
    <wp:meta_value><![CDATA[4]]></wp:meta_value>
  </wp:postmeta>
  <wp:postmeta>
    <wp:meta_key>_wpas_skip_all_services</wp:meta_key>
    <wp:meta_value><![CDATA[1]]></wp:meta_value>
  </wp:postmeta>
  <wp:postmeta>
    <wp:meta_key>_publicize_pending</wp:meta_key>
    <wp:meta_value><![CDATA[1]]></wp:meta_value>
  </wp:postmeta>
</item>
<item>
  <title><![CDATA[Navegação]]></title>
  <link>https://carros966.wordpress.com/2023/05/10/navigation/</link>
  <pubDate>Wed, 10 May 2023 16:37:45 +0000</pubDate>
  <dc:creator>gustavoninog</dc:creator>
  <guid isPermaLink="false">https://carros966.wordpress.com/2023/05/10/navigation/</guid>
  <description/>
  <content:encoded><![CDATA[<!-- wp:page-list /-->]]></content:encoded>
  <excerpt:encoded><![CDATA[]]></excerpt:encoded>
  <wp:post_id>4</wp:post_id>
  <wp:post_date>2023-05-10 13:37:45</wp:post_date>
  <wp:post_date_gmt>2023-05-10 16:37:45</wp:post_date_gmt>
  <wp:post_modified>2023-05-10 13:37:45</wp:post_modified>
  <wp:post_modified_gmt>2023-05-10 16:37:45</wp:post_modified_gmt>
  <wp:comment_status>closed</wp:comment_status>
  <wp:ping_status>closed</wp:ping_status>
  <wp:post_name>navigation</wp:post_name>
  <wp:status>publish</wp:status>
  <wp:post_parent>0</wp:post_parent>
  <wp:menu_order>0</wp:menu_order>
  <wp:post_type>wp_navigation</wp:post_type>
  <wp:post_password/>
  <wp:is_sticky>0</wp:is_sticky>
</item>
<item>
  <title><![CDATA[Custom Styles]]></title>
  <link>https://carros966.wordpress.com/2023/05/10/wp-global-styles-pub%2ftwentytwentythree/</link>
  <pubDate>Wed, 10 May 2023 16:37:51 +0000</pubDate>
  <dc:creator>gustavoninog</dc:creator>
  <guid isPermaLink="false">https://carros966.wordpress.com/2023/05/10/wp-global-styles-pub%2ftwentytwentythree/</guid>
  <description/>
  <content:encoded><![CDATA[{"version":2,"isGlobalStylesUserThemeJSON":true}]]></content:encoded>
  <excerpt:encoded><![CDATA[]]></excerpt:encoded>
  <wp:post_id>5</wp:post_id>
  <wp:post_date>2023-05-10 13:37:51</wp:post_date>
  <wp:post_date_gmt>2023-05-10 16:37:51</wp:post_date_gmt>
  <wp:post_modified>2023-05-10 13:37:51</wp:post_modified>
  <wp:post_modified_gmt>2023-05-10 16:37:51</wp:post_modified_gmt>
  <wp:comment_status>closed</wp:comment_status>
  <wp:ping_status>closed</wp:ping_status>
  <wp:post_name>wp-global-styles-pub%2ftwentytwentythree</wp:post_name>
  <wp:status>publish</wp:status>
  <wp:post_parent>0</wp:post_parent>
  <wp:menu_order>0</wp:menu_order>
  <wp:post_type>wp_global_styles</wp:post_type>
  <wp:post_password/>
  <wp:is_sticky>0</wp:is_sticky>
  <category domain="wp_theme" nicename="twentytwentythree"><![CDATA[twentytwentythree]]></category>
  <wp:postmeta>
    <wp:meta_key>_publicize_pending</wp:meta_key>
    <wp:meta_value><![CDATA[1]]></wp:meta_value>
  </wp:postmeta>
</item>
  </channel>
</rss>
